sORF_ID,sORF_seq,transcript_DNA_sequence_ID,start_at,end_at,classification,probability
et|HS977012.1_Stg44f_frag_0_ORF2,ATGGGTTTCTGGCAGATGAGGCATCTGAAGAGTTTCTTCCAAGCAAAGAAGTTGGTGTAA,et|HS977012.1_Stg44f_frag_0,637,696,coding,0.9946581747282747
et|HS977012.1_Stg44f_frag_0_ORF3,ATGAGGCATCTGAAGAGTTTCTTCCAAGCAAAGAAGTTGGTGTAA,et|HS977012.1_Stg44f_frag_0,652,696,coding,0.992435991700946
et|HS977012.1_Stg44f_frag_0_ORF6,ATGTCATCTGCTTATACAGTAATACTACAAAATGGTTTAGTGGCAGTCAGCTGCGGGTACATTTAG,et|HS977012.1_Stg44f_frag_0,347,412,coding,0.9761971261855664
et|HS977012.1_Stg44f_frag_0_ORF7,ATGCTGTTGATTATGGAAATGTAG,et|HS977012.1_Stg44f_frag_0,431,454,coding,0.9758679436937141
et|HS977012.1_Stg44f_frag_0_ORF8,ATGGAAATGTAG,et|HS977012.1_Stg44f_frag_0,443,454,coding,0.9974318982154987
et|HS977012.1_Stg44f_frag_0_ORF11,ATGCCTTCTAGTCCTGGGATTGGAATGCATGTGGAAATTCGCGATCCACATGAAAAAAATAATTTTGTCCAAAGTTTACAGCTCTGA,et|HS977012.1_Stg44f_frag_0,222,308,coding,0.9345486471671632
et|HS977012.1_Stg44f_frag_0_ORF12,ATGCATGTGGAAATTCGCGATCCACATGAAAAAAATAATTTTGTCCAAAGTTTACAGCTCTGA,et|HS977012.1_Stg44f_frag_0,246,308,coding,0.9476091219317838
et|HS977012.1_Stg44f_frag_0_ORF13,ATGGTTTAG,et|HS977012.1_Stg44f_frag_0,378,386,coding,0.9557323712796721
et|HS977012.1_Stg44f_frag_0_ORF1,ATGATATATATATTTTAA,et|HS977012.1_Stg44f_frag_0,6,23,coding,0.9486540712812407
et|HS977044.1_Stg83_sp6_frag_0_ORF4,ATGCGTCACGCTCAAGCGTGCTGGTTTCTGCAATGCTTAGTTACTCTCACTTTCTCCATTTTGAGATTTCAAGGGCCAGATCCTTTCAAACATTGGGAAGCATAG,et|HS977044.1_Stg83_sp6_frag_0,386,490,coding,0.9847364418581145
et|HS977044.1_Stg83_sp6_frag_0_ORF5,ATGTATATATAA,et|HS977044.1_Stg83_sp6_frag_0,617,628,coding,0.9940391009577163
et|HS977044.1_Stg83_sp6_frag_0_ORF7,ATGAGCTAA,et|HS977044.1_Stg83_sp6_frag_0,519,527,coding,0.9851522296916387
et|HS977044.1_Stg83_sp6_frag_0_ORF8,ATGTAA,et|HS977044.1_Stg83_sp6_frag_0,585,590,coding,0.9999999989598995
et|HS977044.1_Stg83_sp6_frag_0_ORF9,ATGATTTAA,et|HS977044.1_Stg83_sp6_frag_0,630,638,coding,0.9997780137696228
et|HS977024.1_Stg62f_frag_0_ORF1,ATGTTCCTGAAGAACCAGCTTGTCCTCCTCCAACTCCAATATTCGCGTTTACTGATGTCCCTGAAGAACCAGCTGCTCCTACTCCAACGTTAG,et|HS977024.1_Stg62f_frag_0,652,744,coding,0.9366755090129528
et|HS977024.1_Stg62f_frag_0_ORF2,ATGTCCCTGAAGAACCAGCTGCTCCTACTCCAACGTTAG,et|HS977024.1_Stg62f_frag_0,706,744,coding,0.9774756502076463
et|HS977024.1_Stg62f_frag_0_ORF4,ATGGTGTAG,et|HS977024.1_Stg62f_frag_0,155,163,coding,0.9934040060801017
et|HS977024.1_Stg62f_frag_0_ORF5,ATGCTCAACTCCTCCAAGAACATTTCCACTTTTAATTCCACTTACGGCAGCTCCAACTGCATGTTTTATTCCACATCCAGCATCATCTAG,et|HS977024.1_Stg62f_frag_0,266,355,coding,0.9982972594344145
et|HS977024.1_Stg62f_frag_0_ORF6,ATGTTTTATTCCACATCCAGCATCATCTAG,et|HS977024.1_Stg62f_frag_0,326,355,coding,0.9693543676916015
et|HS977024.1_Stg62f_frag_0_ORF7,ATGTGTTAA,et|HS977024.1_Stg62f_frag_0,455,463,coding,0.999327574902404
et|HS977025.1_Stg63f_frag_0_ORF1,ATGGTACAAAGGGTGGAGTATAGAAAGGAAAAGTGGAAAGTCAGAAGGAAAGACTTTATTGCAGGCTTTAGATATTATGGAACCACCTTCTCGACCTCTTGA,et|HS977025.1_Stg63f_frag_0,4,105,coding,0.9774581174752783
et|HS977025.1_Stg63f_frag_0_ORF6,ATGTTGGTTTTAATGTAA,et|HS977025.1_Stg63f_frag_0,297,314,coding,0.9972625952014126
et|HS977025.1_Stg63f_frag_0_ORF7,ATGTAA,et|HS977025.1_Stg63f_frag_0,309,314,coding,0.9999999989598995
et|HS977025.1_Stg63f_frag_0_ORF8,ATGTATGTGGTGATAGTAAAGCTAACCCTCCAAAAGCCACTGGGGAATTTACTGCTCAAGTTATTGTTTTGA,et|HS977025.1_Stg63f_frag_0,348,419,coding,0.9063262059186594
et|HS977013.1_Stg45f_frag_0_ORF1,ATGAAATCATCTGGTTTCCCGTAA,et|HS977013.1_Stg45f_frag_0,349,372,coding,0.9145222720192656
et|HS977013.1_Stg45f_frag_0_ORF2,ATGACTATAAGACAACAGAAAGCAAGAACCAAAAACAGCCTCATGATTATTTCTGACAGCTTTTACTACGTTGAGATTCTAGAGATTCAAGGAAGAATTTTATTCCAAATTCATTTTTATAAACTTTCTGTTTCAAGTATACAAAGTGTCTGCTTTCAGTCAAAATAA,et|HS977013.1_Stg45f_frag_0,421,588,coding,0.9673825943043158
et|HS977013.1_Stg45f_frag_0_ORF3,ATGATTATTTCTGACAGCTTTTACTACGTTGAGATTCTAGAGATTCAAGGAAGAATTTTATTCCAAATTCATTTTTATAAACTTTCTGTTTCAAGTATACAAAGTGTCTGCTTTCAGTCAAAATAA,et|HS977013.1_Stg45f_frag_0,463,588,coding,0.929567804288498
et|HS977013.1_Stg45f_frag_0_ORF4,ATGTGCCTTCCAATTCATTACGAACTTGACTAA,et|HS977013.1_Stg45f_frag_0,68,100,coding,0.964274947875987
et|HS977013.1_Stg45f_frag_0_ORF8,ATGTTTTAA,et|HS977013.1_Stg45f_frag_0,638,646,coding,0.9991686118446946
et|HS977055.1_Stg95_T7_frag_0_ORF1,ATGCGGATTGGGAAATATGGCAAATGA,et|HS977055.1_Stg95_T7_frag_0,475,501,coding,0.9875011649720151
et|HS977055.1_Stg95_T7_frag_0_ORF3,ATGGCAAATGAAGCTGCATCAGGACTTAATAATGGAAATATAATTGGAGGAGTCGCAAATATGGCTCATGAATTTGTAGGTGGCCTTGCAAACATGGGCACTGATGTCTTGAGCGCAGCCGGAAATGCAGCAAAAGGGGTTGCTAGTGATGCCAAACAATTAGGATAA,et|HS977055.1_Stg95_T7_frag_0,491,658,coding,0.9286285599352617
et|HS977055.1_Stg95_T7_frag_0_ORF4,ATGGCTCATGAATTTGTAGGTGGCCTTGCAAACATGGGCACTGATGTCTTGAGCGCAGCCGGAAATGCAGCAAAAGGGGTTGCTAGTGATGCCAAACAATTAGGATAA,et|HS977055.1_Stg95_T7_frag_0,551,658,coding,0.9144144570306421
et|HS977055.1_Stg95_T7_frag_0_ORF5,ATGGGCACTGATGTCTTGAGCGCAGCCGGAAATGCAGCAAAAGGGGTTGCTAGTGATGCCAAACAATTAGGATAA,et|HS977055.1_Stg95_T7_frag_0,584,658,coding,0.9815172604514033
et|HS977055.1_Stg95_T7_frag_0_ORF8,ATGTCTTATTGTAATGTTACATCTATATTGTGTATTTAA,et|HS977055.1_Stg95_T7_frag_0,746,784,coding,0.9713921211351921
et|HS977055.1_Stg95_T7_frag_0_ORF10,ATGGAGGTAATGGAGGACAAACAGTAG,et|HS977055.1_Stg95_T7_frag_0,153,179,coding,0.9996805687431359
et|HS977055.1_Stg95_T7_frag_0_ORF11,ATGGAGGACAAACAGTAG,et|HS977055.1_Stg95_T7_frag_0,162,179,coding,0.9996530581571711
et|HS977055.1_Stg95_T7_frag_0_ORF12,ATGGAGGTAATGGAGGAGAAACAATAA,et|HS977055.1_Stg95_T7_frag_0,189,215,coding,0.999972164422546
et|HS977055.1_Stg95_T7_frag_0_ORF13,ATGGAGGAGAAACAATAA,et|HS977055.1_Stg95_T7_frag_0,198,215,coding,0.9999930086956414
et|HS977055.1_Stg95_T7_frag_0_ORF14,ATGGAGCAAGATCAACAGATACTAGACAACGAGGTCAAGGCTGCCATAGAGGCCTGA,et|HS977055.1_Stg95_T7_frag_0,246,302,coding,0.960971859795575
et|HS977055.1_Stg95_T7_frag_0_ORF15,ATGCTCTGTCCTCAGCTGTTGGTGGGAATAGAGGAGGTGGACTCCTTAACGTCCTCGGAAGAGGAGTCAATCATGTTTGGAAAAATGCAGTGCATGGAGCCGGGCACTTTATAA,et|HS977055.1_Stg95_T7_frag_0,351,464,coding,0.9811596841574747
et|HS977055.1_Stg95_T7_frag_0_ORF16,ATGTTTGGAAAAATGCAGTGCATGGAGCCGGGCACTTTATAA,et|HS977055.1_Stg95_T7_frag_0,423,464,coding,0.9826151590189178
et|HS977055.1_Stg95_T7_frag_0_ORF17,ATGCAGTGCATGGAGCCGGGCACTTTATAA,et|HS977055.1_Stg95_T7_frag_0,435,464,coding,0.9908593215351933
et|HS977055.1_Stg95_T7_frag_0_ORF18,ATGGAGCCGGGCACTTTATAA,et|HS977055.1_Stg95_T7_frag_0,444,464,coding,0.9991477545923974
et|HS977055.1_Stg95_T7_frag_0_ORF19,ATGCTGCATGCGGATTGGGAAATATGGCAAATGAAGCTGCATCAGGACTTAATAATGGAAATATAA,et|HS977055.1_Stg95_T7_frag_0,468,533,coding,0.972468180937549
et|HS977055.1_Stg95_T7_frag_0_ORF20,ATGAAGCTGCATCAGGACTTAATAATGGAAATATAA,et|HS977055.1_Stg95_T7_frag_0,498,533,coding,0.9671589456591946
et|HS977055.1_Stg95_T7_frag_0_ORF21,ATGGAAATATAA,et|HS977055.1_Stg95_T7_frag_0,522,533,coding,0.9999093107344493
et|HS977055.1_Stg95_T7_frag_0_ORF24,ATGCAGCAAAAGGGGTTGCTAGTGATGCCAAACAATTAG,et|HS977055.1_Stg95_T7_frag_0,615,653,coding,0.9658971067788491
et|HS977055.1_Stg95_T7_frag_0_ORF25,ATGCCAAACAATTAG,et|HS977055.1_Stg95_T7_frag_0,639,653,coding,0.9667877914626357
